source_id,docid,ky_hieu,loai,co_quan,ngay_ban_hanh,ngay_hieu_luc,trich_yeu,url_vb,pdf_local,chars,status,notes
boluat100_2015,,100/2015/QH13,Bộ luật,Quốc hội,,2018-01-01,Bộ luật Hình sự 135_VBHN-VPQH,,,618833,active_verified,Bach-Xuan/Bộ luật Hình sự 135_VBHN-VPQH.txt
boluat101_2015,,101/2015/QH13,Bộ luật,Quốc hội,,2016-07-01,Bộ luật Tố tụng hình sự 104_VBHN-VPQH,,,567457,active_verified,Bach-Xuan/Bộ luật Tố tụng hình sự 104_VBHN-VPQH.txt
boluat104_2025,,104/2025/QH15,Bộ luật,Quốc hội,,2016-07-01,104-VBHN-VPQH 2025 Bộ luật Tố tụng hình sự,,,567457,active_verified,Bach-Xuan/104-VBHN-VPQH 2025 Bộ luật Tố tụng hình sự.txt
boluat135_2025,,135/2025/QH15,Bộ luật,Quốc hội,,2018-01-01,135-VBHN-VPQH 2025 Bộ luật Hình sự,,,618833,active_verified,Bach-Xuan/135-VBHN-VPQH 2025 Bộ luật Hình sự.txt
boluat18_2026,,18/2026/QH15,Bộ luật,Quốc hội,,2021-01-01,18-VBHN-VPQH 2026 Bộ luật Lao động,,,192589,active_verified,Bach-Xuan/18-VBHN-VPQH 2026 Bộ luật Lao động.txt
boluat45_2019,,45/2019/QH14,Bộ luật,Quốc hội,,2021-01-01,Bộ luật Lao động 18_VBHN-VPQH,,,192589,active_verified,Bach-Xuan/Bộ luật Lao động 18_VBHN-VPQH.txt
boluat52_2026,,52/2026/QH15,Bộ luật,Quốc hội,,2017-07-01,52-VBHN-VPQH 2026 Bộ luật Hàng hải Việt Nam,,,286281,active_verified,Bach-Xuan/52-VBHN-VPQH 2026 Bộ luật Hàng hải Việt Nam.txt
boluat91_2015,,91/2015/QH13,Bộ luật,Quốc hội,,,Bộ luật Dân sự,,,368136,active_verified,Bach-Xuan/Bộ luật Dân sự 91_2015_QH13.txt
boluat92_2015,,92/2015/QH13,Bộ luật,Quốc hội,,2016-07-01,Bộ luật Tố tụng dân sự 99_VBHN-VPQH,,,529976,active_verified,Bach-Xuan/Bộ luật Tố tụng dân sự 99_VBHN-VPQH.txt
boluat95_2015,,95/2015/QH13,Bộ luật,Quốc hội,,2017-07-01,Bộ luật Hàng hải Việt Nam 52_VBHN-VPQH,,,286281,active_verified,Bach-Xuan/Bộ luật Hàng hải Việt Nam 52_VBHN-VPQH.txt
boluat99_2025,,99/2025/QH15,Bộ luật,Quốc hội,,2016-07-01,99-VBHN-VPQH 2025 Bộ luật Tố tụng dân sự,,,529976,active_verified,Bach-Xuan/99-VBHN-VPQH 2025 Bộ luật Tố tụng dân sự.txt
luat02_2011,,02/2011/QH13,Luật,Quốc hội,,2012-07-01,Luật Khiếu nại 28_VBHN-VPQH,,,74098,active_verified,Bach-Xuan/Luật Khiếu nại 28_VBHN-VPQH.txt
luat03_2015,,03/2015/QH15,Luật,Quốc hội,,2007-01-01,03-VBHN-VPQH 2015 Luật Luật sư,,,108592,active_verified,Bach-Xuan/03-VBHN-VPQH 2015 Luật Luật sư.txt
luat03_2026,,03/2026/QH16,Luật,Quốc hội,,,Luật Hộ tịch,,,31389,pending_effective,legal-sources/laws-n-codes
luat05_2007,,05/2007/QH12,Luật,Quốc hội,,2008-07-01,"Luật Chất lượng sản phẩm, hàng hóa 156_VBHN-VPQH",,,104192,active_verified,"Bach-Xuan/Luật Chất lượng sản phẩm, hàng hóa 156_VBHN-VPQH.txt"
luat06_2025,,06/2025/QH15,Luật,Quốc hội,,2024-08-01,06-VBHN-VPQH 2025 Luật Kinh doanh bất động sản,,,142235,active_verified,Bach-Xuan/06-VBHN-VPQH 2025 Luật Kinh doanh bất động sản.txt
luat06_2026,,06/2026/QH15,Luật,Quốc hội,,2021-07-01,06-VBHN-VPQH 2026 Luật Cư trú,,,57511,active_verified,Bach-Xuan/06-VBHN-VPQH 2026 Luật Cư trú.txt
luat08_2017,,08/2017/QH14,Luật,Quốc hội,,2018-07-01,Luật Thủy lợi 94_VBHN-VPQH,,,98781,active_verified,Bach-Xuan/Luật Thủy lợi 94_VBHN-VPQH.txt
luat08_2022,,08/2022/QH15,Luật,Quốc hội,,2023-01-01,Luật Kinh doanh Bảo hiểm 31_VBHN-VPQH,,,203243,active_verified,Bach-Xuan/Luật Kinh doanh Bảo hiểm 31_VBHN-VPQH.txt
luat09_2012,,09/2012/QH13,Luật,Quốc hội,,2013-05-01,"Luật Phòng, chống tác hại của thuốc lá 11_VBHN-VPQH",,,31686,active_verified,"Bach-Xuan/Luật Phòng, chống tác hại của thuốc lá 11_VBHN-VPQH.txt"
luat09_2026,,09/2026/QH15,Luật,Quốc hội,,2024-07-01,09-VBHN-VPQH 2026 Luật Căn cước,,,66142,active_verified,Bach-Xuan/09-VBHN-VPQH 2026 Luật Căn cước.txt
luat100_2026,,100/2026/QH15,Luật,Quốc hội,,2024-07-01,100-VBHN-VPQH 2026 Luật Các tổ chức tín dụng,,,307820,active_verified,Bach-Xuan/100-VBHN-VPQH 2026 Luật Các tổ chức tín dụng.txt
luat101_2026,,101/2026/QH15,Luật,Quốc hội,,2024-07-01,101-VBHN-VPQH 2026 Luật Hợp tác xã,,,166336,active_verified,Bach-Xuan/101-VBHN-VPQH 2026 Luật Hợp tác xã.txt
luat102_2016,,102/2016/QH13,Luật,Quốc hội,,2017-06-01,Luật Trẻ em 108_VBHN-VPQH,,,91978,active_verified,Bach-Xuan/Luật Trẻ em 108_VBHN-VPQH.txt
luat102_2026,,102/2026/QH15,Luật,Quốc hội,,2021-01-01,102-VBHN-VPQH 2026 Luật Chứng khoán,,,244817,active_verified,Bach-Xuan/102-VBHN-VPQH 2026 Luật Chứng khoán.txt
luat106_2026,,106/2026/QH15,Luật,Quốc hội,,2018-01-01,106-VBHN-VPQH 2026 Luật Trợ giúp pháp lý,,,54762,active_verified,Bach-Xuan/106-VBHN-VPQH 2026 Luật Trợ giúp pháp lý.txt
luat107_2026,,107/2026/QH15,Luật,Quốc hội,,2020-07-01,"107-VBHN-VPQH 2026 Luật Xuất cảnh, nhập cảnh của công dân Việt Nam",,,88696,active_verified,"Bach-Xuan/107-VBHN-VPQH 2026 Luật Xuất cảnh, nhập cảnh của công dân Việt Nam.txt"
luat108_2025,,108/2025/QH15,Luật,Quốc hội,,2017-06-01,108-VBHN-VPQH 2025 Luật Trẻ em,,,91978,active_verified,Bach-Xuan/108-VBHN-VPQH 2025 Luật Trẻ em.txt
luat109_2025,,109/2025/QH15,Luật,Quốc hội,,2026-07-01,Luật Thuế thu nhập cá nhân 112_VBHN-VPQH,,,31312,active_verified,Bach-Xuan/Luật Thuế thu nhập cá nhân 112_VBHN-VPQH.txt
luat109_2026,,109/2026/QH15,Luật,Quốc hội,,2025-07-01,109-VBHN-VPQH 2026 Luật Công chứng,,,123109,active_verified,Bach-Xuan/109-VBHN-VPQH 2026 Luật Công chứng.txt
luat10_2017,,10/2017/QH14,Luật,Quốc hội,,2018-07-01,Luật Trách nhiệm bồi thường của Nhà nước 98_VBHN-VPQH,,,121485,active_verified,Bach-Xuan/Luật Trách nhiệm bồi thường của Nhà nước 98_VBHN-VPQH.txt
luat10_2022,,10/2022/QH15,Luật,Quốc hội,,2023-07-01,Luật Thực hiện dân chủ ở cơ sở 87_VBHN-VPQH,,,150872,active_verified,Bach-Xuan/Luật Thực hiện dân chủ ở cơ sở 87_VBHN-VPQH.txt
luat112_2026,,112/2026/QH15,Luật,Quốc hội,,2026-07-01,112-VBHN-VPQH 2026 Luật Thuế thu nhập cá nhân,,,31312,active_verified,Bach-Xuan/112-VBHN-VPQH 2026 Luật Thuế thu nhập cá nhân.txt
luat113_2025,,113/2025/QH15,Luật,Quốc hội,,2006-01-01,113-VBHN-VPQH 2025 Luật Thương mại,,,171308,active_verified,Bach-Xuan/113-VBHN-VPQH 2025 Luật Thương mại.txt
luat114_2026,,114/2026/QH15,Luật,Quốc hội,,2025-07-01,114-VBHN-VPQH 2026 Luật Thuế giá trị gia tăng,,,50266,active_verified,Bach-Xuan/114-VBHN-VPQH 2026 Luật Thuế giá trị gia tăng.txt
luat115_2025,,115/2025/QH15,Luật,Quốc hội,,2009-07-01,115-VBHN-VPQH 2025 Luật Thi hành án dân sự,,,234921,active_verified,Bach-Xuan/115-VBHN-VPQH 2025 Luật Thi hành án dân sự.txt
luat116_2025,,116/2025/QH15,Luật,Quốc hội,,,Luật An ninh mạng,,,86385,active_verified,Bach-Xuan/Luật An ninh mạng 116_2025_QH15.txt
luat117_2025,,117/2025/QH15,Luật,Quốc hội,,2022-01-01,"117-VBHN-VPQH 2025 Luật Phòng, chống ma túy",,,59330,active_verified,"Bach-Xuan/117-VBHN-VPQH 2025 Luật Phòng, chống ma túy.txt"
luat11_2017,,11/2017/QH14,Luật,Quốc hội,,2018-01-01,Luật Trợ giúp pháp lý 106_VBHN-VPQH,,,54762,active_verified,Bach-Xuan/Luật Trợ giúp pháp lý 106_VBHN-VPQH.txt
luat11_2026,,11/2026/QH15,Luật,Quốc hội,,2013-05-01,"11-VBHN-VPQH 2026 Luật Phòng, chống tác hại của thuốc lá",,,31686,active_verified,"Bach-Xuan/11-VBHN-VPQH 2026 Luật Phòng, chống tác hại của thuốc lá.txt"
luat120_2025,216502,120/2025/QH15,Luật,Quốc hội,2025-12-10,2026-07-01,"Luật Phòng, chống ma túy",https://congbao.chinhphu.vn/van-ban/luat-so-120-2025-qh15-468574.htm,,78550,active_verified,congbao.chinhphu.vn
luat121_2025,,121/2025/QH15,Luật,Quốc hội,,2025-07-01,121-VBHN-VPQH 2025 Luật Hôn nhân và Gia đình,,,88056,active_verified,Bach-Xuan/121-VBHN-VPQH 2025 Luật Hôn nhân và Gia đình.txt
luat126_2025,,126/2025/QH15,Luật,Quốc hội,,,Luật Báo chí,,,57395,active_verified,Bach-Xuan/Luật Báo chí 126_2025_QH15.txt
luat133_2025,,133/2025/QH15,Luật,Quốc hội,,2024-08-01,133-VBHN-VPQH 2025 Luật Đất đai,,,541495,active_verified,Bach-Xuan/133-VBHN-VPQH 2025 Luật Đất đai.txt
luat134_2025,,134/2025/QH15,Luật,Quốc hội,,2021-01-01,134-VBHN-VPQH 2025 Luật Đầu tư,,,200973,active_verified,Bach-Xuan/134-VBHN-VPQH 2025 Luật Đầu tư.txt
luat136_2025,216516,136/2025/QH15,Luật,Quốc hội,2025-12-10,2026-07-01,"Luật sửa đổi, bổ sung một số điều của Luật Tiếp công dân, Luật Khiếu nại, Luật Tố cáo",https://congbao.chinhphu.vn/van-ban/luat-so-136-2025-qh15-468696.htm,,24166,active_verified,congbao.chinhphu.vn
luat138_2025,,138/2025/QH15,Luật,Quốc hội,,2025-07-01,"138-VBHN-VPQH 2025 Luật Phòng, chống mua bán người",,,67510,active_verified,"Bach-Xuan/138-VBHN-VPQH 2025 Luật Phòng, chống mua bán người.txt"
luat13_2022,,13/2022/QH15,Luật,Quốc hội,,,"Luật Phòng, chống bạo lực gia đình",,,55501,active_verified,"Bach-Xuan/Luật Phòng, chống bạo lực gia đình 13_2022_QH15.txt"
luat13_2026,,13/2026/QH15,Luật,Quốc hội,,2016-07-01,13-VBHN-VPQH 2026 Luật Tố tụng hành chính,,,378154,active_verified,Bach-Xuan/13-VBHN-VPQH 2026 Luật Tố tụng hành chính.txt
luat14_2012,,14/2012/QH13,Luật,Quốc hội,,,"Luật Phổ biến, giáo dục pháp luật",,,33067,active_verified,"Bach-Xuan/Luật Phổ biến, giáo dục pháp luật 14_2012_QH13.txt"
luat14_2024,,14/2024/QH15,Luật,Quốc hội,,2016-07-01,"14-VBHN-VPQH 2024 Luật An toàn, vệ sinh lao động",,,135386,active_verified,"Bach-Xuan/14-VBHN-VPQH 2024 Luật An toàn, vệ sinh lao động.txt"
luat154_2025,,154/2025/QH15,Luật,Quốc hội,,2015-01-01,154-VBHN-VPQH 2025 Luật Xây dựng,,,232082,active_verified,Bach-Xuan/154-VBHN-VPQH 2025 Luật Xây dựng.txt
luat156_2025,,156/2025/QH15,Luật,Quốc hội,,2008-07-01,"156-VBHN-VPQH 2025 Luật Chất lượng sản phẩm, hàng hóa",,,104192,active_verified,"Bach-Xuan/156-VBHN-VPQH 2025 Luật Chất lượng sản phẩm, hàng hóa.txt"
luat15_2012,,15/2012/QH13,Luật,Quốc hội,,2013-07-01,Luật Xử lý vi phạm hành chính 90_VBHN-VPQH,,,248104,active_verified,Bach-Xuan/Luật Xử lý vi phạm hành chính 90_VBHN-VPQH.txt
luat15_2017,,15/2017/QH14,Luật,Quốc hội,,2018-01-01,"Luật Quản lý, sử dụng tài sản công 97_VBHN-VPQH",,,190039,active_verified,"Bach-Xuan/Luật Quản lý, sử dụng tài sản công 97_VBHN-VPQH.txt"
luat15_2023,,15/2023/QH15,Luật,Quốc hội,,2024-01-01,"Luật Khám bệnh, chữa bệnh 26_VBHN-VPQH",,,152767,active_verified,"Bach-Xuan/Luật Khám bệnh, chữa bệnh 26_VBHN-VPQH.txt"
luat16_2023,,16/2023/QH15,Luật,Quốc hội,,2024-07-01,Luật Giá 25_VBHN-VPQH,,,138928,active_verified,Bach-Xuan/Luật Giá 25_VBHN-VPQH.txt
luat17_2023,,17/2023/QH15,Luật,Quốc hội,,2024-07-01,Luật Hợp tác xã 101_VBHN-VPQH,,,166336,active_verified,Bach-Xuan/Luật Hợp tác xã 101_VBHN-VPQH.txt
luat19_2023,,19/2023/QH15,Luật,Quốc hội,,2024-07-01,Luật Bảo vệ quyền lợi người tiêu dùng 47_VBHN-VPQH,,,106439,active_verified,Bach-Xuan/Luật Bảo vệ quyền lợi người tiêu dùng 47_VBHN-VPQH.txt
luat19_2026,,19/2026/QH15,Luật,Quốc hội,,2025-07-01,19-VBHN-VPQH 2026 Luật Bảo hiểm xã hội,,,187926,active_verified,Bach-Xuan/19-VBHN-VPQH 2026 Luật Bảo hiểm xã hội.txt
luat203_2025,,203/2025/QH15,Luật,Quốc hội,,,03-2026-QH16 Luật Hộ tịch,,,31389,active_verified,Bach-Xuan/03-2026-QH16 Luật Hộ tịch.txt
luat20_2023,,20/2023/QH15,Luật,Quốc hội,,2024-07-01,Luật Giao dịch điện tử 36_VBHN-VPQH,,,59615,active_verified,Bach-Xuan/Luật Giao dịch điện tử 36_VBHN-VPQH.txt
luat23_2026,,23/2026/QH15,Luật,Quốc hội,,2010-07-01,23-VBHN-VPQH 2026 Luật Người cao tuổi,,,25833,active_verified,Bach-Xuan/23-VBHN-VPQH 2026 Luật Người cao tuổi.txt
luat24_2008,,24/2008/QH12,Luật,Quốc hội,,2014-06-26,Luật Quốc tịch Việt Nam 53_VBHN-VPQH,,,50742,active_verified,Bach-Xuan/Luật Quốc tịch Việt Nam 53_VBHN-VPQH.txt
luat24_2023,,24/2023/QH15,Luật,Quốc hội,,2024-07-01,Luật Viễn thông 66_VBHN-VPQH,,,113198,active_verified,Bach-Xuan/Luật Viễn thông 66_VBHN-VPQH.txt
luat24_2026,,24/2026/QH15,Luật,Quốc hội,,2011-01-01,24-VBHN-VPQH 2026 Luật Người khuyết tật,,,48305,active_verified,Bach-Xuan/24-VBHN-VPQH 2026 Luật Người khuyết tật.txt
luat25_2008,,25/2008/QH12,Luật,Quốc hội,,2009-07-01,Luật Bảo hiểm Y tế 40_VBHN-VPQH,,,117362,active_verified,Bach-Xuan/Luật Bảo hiểm Y tế 40_VBHN-VPQH.txt
luat25_2018,,25/2018/QH14,Luật,Quốc hội,,2019-01-01,Luật Tố cáo 29_VBHN-VPQH,,,80245,active_verified,Bach-Xuan/Luật Tố cáo 29_VBHN-VPQH.txt
luat25_2022,,25/2022/QH15,Luật,Quốc hội,,2011-01-01,25-VBHN-VPQH 2022 Luật Ngân hàng Nhà nước Việt Nam,,,37940,active_verified,Bach-Xuan/25-VBHN-VPQH 2022 Luật Ngân hàng Nhà nước Việt Nam.txt
luat25_2026,,25/2026/QH15,Luật,Quốc hội,,2024-07-01,25-VBHN-VPQH 2026 Luật Giá,,,138928,active_verified,Bach-Xuan/25-VBHN-VPQH 2026 Luật Giá.txt
luat26_2008,,26/2008/QH12,Luật,Quốc hội,,2009-07-01,Luật Thi hành án dân sự 115_VBHN-VPQH,,,234921,active_verified,Bach-Xuan/Luật Thi hành án dân sự 115_VBHN-VPQH.txt
luat26_2023,209628,26/2023/QH15,Luật,Quốc hội,27-11-2023,01-07-2024,LUẬT CĂN CƯỚC,https://vanban.chinhphu.vn/?pageid=27160&docid=209628,data/private_cache/vbpq/luat26_2023.pdf,61340,active_verified,
luat26_2026,,26/2026/QH15,Luật,Quốc hội,,2024-01-01,"26-VBHN-VPQH 2026 Luật Khám bệnh, chữa bệnh",,,152767,active_verified,"Bach-Xuan/26-VBHN-VPQH 2026 Luật Khám bệnh, chữa bệnh.txt"
luat27_2023,,27/2023/QH15,Luật,Quốc hội,,2024-08-01,Luật Nhà ở 79_VBHN-VPQH,,,344477,active_verified,Bach-Xuan/Luật Nhà ở 79_VBHN-VPQH.txt
luat28_2026,,28/2026/QH15,Luật,Quốc hội,,2012-07-01,28-VBHN-VPQH 2026 Luật Khiếu nại,,,74098,active_verified,Bach-Xuan/28-VBHN-VPQH 2026 Luật Khiếu nại.txt
luat29_2023,,29/2023/QH15,Luật,Quốc hội,,2024-08-01,Luật Kinh doanh bất động sản 06_VBHN-VPQH,,,142235,active_verified,Bach-Xuan/Luật Kinh doanh bất động sản 06_VBHN-VPQH.txt
luat29_2025,,29/2025/QH15,Luật,Quốc hội,,2020-07-01,29-VBHN-VPQH 2025 Luật Quản lý thuế,,,212396,active_verified,Bach-Xuan/29-VBHN-VPQH 2025 Luật Quản lý thuế.txt
luat29_2026,,29/2026/QH15,Luật,Quốc hội,,2019-01-01,29-VBHN-VPQH 2026 Luật Tố cáo,,,80245,active_verified,Bach-Xuan/29-VBHN-VPQH 2026 Luật Tố cáo.txt
luat30_2023,,30/2023/QH15,Luật,Quốc hội,,2024-07-01,"Luật Lực lượng tham gia bảo vệ an ninh, trật tự ở cơ sở 57_VBHN-VPQH",,,36677,active_verified,"Bach-Xuan/Luật Lực lượng tham gia bảo vệ an ninh, trật tự ở cơ sở 57_VBHN-VPQH.txt"
luat30_2026,,30/2026/QH15,Luật,Quốc hội,,2026-07-01,30-VBHN-VPQH 2026 Luật Tiếp công dân,,,50914,active_verified,Bach-Xuan/30-VBHN-VPQH 2026 Luật Tiếp công dân.txt
luat31_2018,,31/2018/QH14,Luật,Quốc hội,,2020-01-01,Luật Trồng trọt 93_VBHN-VPQH,,,97641,active_verified,Bach-Xuan/Luật Trồng trọt 93_VBHN-VPQH.txt
luat31_2024,,31/2024/QH15,Luật,Quốc hội,,2024-08-01,Luật Đất đai 133_VBHN-VPQH,,,541495,active_verified,Bach-Xuan/Luật Đất đai 133_VBHN-VPQH.txt
luat31_2026,,31/2026/QH15,Luật,Quốc hội,,2023-01-01,31-VBHN-VPQH 2026 Luật Kinh doanh Bảo hiểm,,,203243,active_verified,Bach-Xuan/31-VBHN-VPQH 2026 Luật Kinh doanh Bảo hiểm.txt
luat32_2018,,32/2018/QH14,Luật,Quốc hội,,2020-01-01,Luật Chăn nuôi 63_VBHN-VPQH,,,100496,active_verified,Bach-Xuan/Luật Chăn nuôi 63_VBHN-VPQH.txt
luat32_2024,,32/2024/QH15,Luật,Quốc hội,,2024-07-01,Luật Các tổ chức tín dụng 100_VBHN-VPQH,,,307820,active_verified,Bach-Xuan/Luật Các tổ chức tín dụng 100_VBHN-VPQH.txt
luat33_2013,,33/2013/QH13,Luật,Quốc hội,,2014-05-01,"Luật Phòng, chống thiên tai 85_VBHN-VPQH",,,124481,active_verified,"Bach-Xuan/Luật Phòng, chống thiên tai 85_VBHN-VPQH.txt"
luat33_2024,,33/2024/QH15,Luật,Quốc hội,,2025-07-01,Luật Lưu trữ 34_VBHN-VPQH,,,72061,active_verified,Bach-Xuan/Luật Lưu trữ 34_VBHN-VPQH.txt
luat34_2024,,34/2024/QH15,Luật,Quốc hội,,2025-01-01,Luật Tổ chức Tòa án nhân dân 82_VBHN-VPQH,,,134276,active_verified,Bach-Xuan/Luật Tổ chức Tòa án nhân dân 82_VBHN-VPQH.txt
luat34_2026,,34/2026/QH15,Luật,Quốc hội,,2025-07-01,34-VBHN-VPQH 2026 Luật Lưu trữ,,,72061,active_verified,Bach-Xuan/34-VBHN-VPQH 2026 Luật Lưu trữ.txt
luat35_2013,,35/2013/QH13,Luật,Quốc hội,,,Luật Hòa giải ở cơ sở,,,20915,active_verified,Bach-Xuan/Luật Hòa giải ở cơ sở 35_2013_QH13.txt
luat35_2024,,35/2024/QH15,Luật,Quốc hội,,2025-01-01,Luật Đường bộ 49_VBHN-VPQH,,,156892,active_verified,Bach-Xuan/Luật Đường bộ 49_VBHN-VPQH.txt
luat36_2005,,36/2005/QH11,Luật,Quốc hội,,2006-01-01,Luật Thương mại 113_VBHN-VPQH,,,171308,active_verified,Bach-Xuan/Luật Thương mại 113_VBHN-VPQH.txt
luat36_2024,,36/2024/QH15,Luật,Quốc hội,,2025-01-01,"Luật Trật tự, an toàn giao thông đường bộ 55_VBHN-VPQH",,,177458,active_verified,"Bach-Xuan/Luật Trật tự, an toàn giao thông đường bộ 55_VBHN-VPQH.txt"
luat36_2026,,36/2026/QH15,Luật,Quốc hội,,2024-07-01,36-VBHN-VPQH 2026 Luật Giao dịch điện tử,,,59615,active_verified,Bach-Xuan/36-VBHN-VPQH 2026 Luật Giao dịch điện tử.txt
luat38_2019,,38/2019/QH14,Luật,Quốc hội,,2020-07-01,Luật Quản lý thuế 29_VBHN-VPQH,,,212396,active_verified,Bach-Xuan/Luật Quản lý thuế 29_VBHN-VPQH.txt
luat39_2009,,39/2009/QH12,Luật,Quốc hội,,2010-07-01,Luật Người cao tuổi 23_VBHN-VPQH,,,25833,active_verified,Bach-Xuan/Luật Người cao tuổi 23_VBHN-VPQH.txt
luat40_2019,,40/2019/QH14,Luật,Quốc hội,,,Luật Kiến trúc,,,40519,active_verified,Bach-Xuan/Luật Kiến trúc 40_2019_QH14.txt
luat40_2026,,40/2026/QH15,Luật,Quốc hội,,2009-07-01,40-VBHN-VPQH 2026 Luật Bảo hiểm Y tế,,,117362,active_verified,Bach-Xuan/40-VBHN-VPQH 2026 Luật Bảo hiểm Y tế.txt
luat41_2024,,41/2024/QH15,Luật,Quốc hội,,2025-07-01,Luật Bảo hiểm xã hội 19_VBHN-VPQH,,,187926,active_verified,Bach-Xuan/Luật Bảo hiểm xã hội 19_VBHN-VPQH.txt
luat42_2013,,42/2013/QH13,Luật,Quốc hội,,2026-07-01,Luật Tiếp công dân 30_VBHN-VPQH,,,50914,active_verified,Bach-Xuan/Luật Tiếp công dân 30_VBHN-VPQH.txt
luat44_2019,,44/2019/QH14,Luật,Quốc hội,,,"Luật Phòng, chống tác hại của rượu, bia",,,30422,active_verified,"Bach-Xuan/Luật Phòng, chống tác hại của rượu, bia 44_2019_QH14.txt"
luat46_2010,,46/2010/QH12,Luật,Quốc hội,,2011-01-01,Luật Ngân hàng Nhà nước Việt Nam 25_VBHN-VPQH,,,37940,active_verified,Bach-Xuan/Luật Ngân hàng Nhà nước Việt Nam 25_VBHN-VPQH.txt
luat46_2024,212474,46/2024/QH15,Luật,Quốc hội,26-11-2024,01-07-2025,LUẬT CÔNG CHỨNG,https://vanban.chinhphu.vn/?pageid=27160&docid=212474,data/private_cache/vbpq/luat46_2024.pdf,109309,active_verified,
luat47_2014,,47/2014/QH13,Luật,Quốc hội,,2015-01-01,"Luật Nhập cảnh, xuất cảnh, quá cảnh, cư trú của người nước ngoài tại Việt Nam 62_VBHN-VPQH",,,87198,active_verified,"Bach-Xuan/Luật Nhập cảnh, xuất cảnh, quá cảnh, cư trú của người nước ngoài tại Việt Nam 62_VBHN-VPQH.txt"
luat47_2026,,47/2026/QH15,Luật,Quốc hội,,2024-07-01,47-VBHN-VPQH 2026 Luật Bảo vệ quyền lợi người tiêu dùng,,,106439,active_verified,Bach-Xuan/47-VBHN-VPQH 2026 Luật Bảo vệ quyền lợi người tiêu dùng.txt
luat48_2024,,48/2024/QH15,Luật,Quốc hội,,2025-07-01,Luật Thuế giá trị gia tăng 114_VBHN-VPQH,,,50266,active_verified,Bach-Xuan/Luật Thuế giá trị gia tăng 114_VBHN-VPQH.txt
luat49_2019,,49/2019/QH14,Luật,Quốc hội,,2020-07-01,"Luật Xuất cảnh, nhập cảnh của công dân Việt Nam 107_VBHN-VPQH",,,88696,active_verified,"Bach-Xuan/Luật Xuất cảnh, nhập cảnh của công dân Việt Nam 107_VBHN-VPQH.txt"
luat49_2026,,49/2026/QH15,Luật,Quốc hội,,2025-01-01,49-VBHN-VPQH 2026 Luật Đường bộ,,,156892,active_verified,Bach-Xuan/49-VBHN-VPQH 2026 Luật Đường bộ.txt
luat50_2014,,50/2014/QH13,Luật,Quốc hội,,2015-01-01,Luật Xây dựng 154_VBHN-VPQH,,,232082,active_verified,Bach-Xuan/Luật Xây dựng 154_VBHN-VPQH.txt
luat51_2001,,51/2001/QH10,Luật,Quốc hội,,,"14-2012-QH13 Luật Phổ biến, giáo dục pháp luật",,,33067,active_verified,"Bach-Xuan/14-2012-QH13 Luật Phổ biến, giáo dục pháp luật.txt"
luat51_2010,,51/2010/QH12,Luật,Quốc hội,,2011-01-01,Luật Người khuyết tật 24_VBHN-VPQH,,,48305,active_verified,Bach-Xuan/Luật Người khuyết tật 24_VBHN-VPQH.txt
luat51_2024,212479,51/2024/QH15,Luật,Quốc hội,2024-11-27,2025-07-01,"Luật sửa đổi, bổ sung một số điều của Luật Bảo hiểm y tế",https://congbao.chinhphu.vn/van-ban/luat-so-51-2024-qh15-43559.htm,,50161,active_verified,congbao.chinhphu.vn
luat52_2014,175351,52/2014/QH13,Luật,Quốc hội,19-06-2014,01-01-2015,LUẬT HÔN NHÂN VÀ GIA ĐÌNH,https://vanban.chinhphu.vn/?pageid=27160&docid=175351,data/private_cache/vbpq/luat52_2014.pdf,86826,active_verified,
luat53_2024,,53/2024/QH15,Luật,Quốc hội,,2025-07-01,"Luật Phòng, chống mua bán người 138_VBHN-VPQH",,,67510,active_verified,"Bach-Xuan/Luật Phòng, chống mua bán người 138_VBHN-VPQH.txt"
luat53_2025,,53/2025/QH15,Luật,Quốc hội,,2014-06-26,53-VBHN-VPQH 2025 Luật Quốc tịch Việt Nam,,,50742,active_verified,Bach-Xuan/53-VBHN-VPQH 2025 Luật Quốc tịch Việt Nam.txt
luat54_2019,,54/2019/QH14,Luật,Quốc hội,,2021-01-01,Luật Chứng khoán 102_VBHN-VPQH,,,244817,active_verified,Bach-Xuan/Luật Chứng khoán 102_VBHN-VPQH.txt
luat54_2025,,54/2025/QH15,Luật,Quốc hội,,2025-04-01,54-VBHN-VPQH 2025 Luật Ban hành văn bản quy phạm pháp luật,,,118313,active_verified,Bach-Xuan/54-VBHN-VPQH 2025 Luật Ban hành văn bản quy phạm pháp luật.txt
luat55_2010,,55/2010/QH12,Luật,Quốc hội,,2011-07-01,Luật An toàn thực phẩm 61_VBHN-VPQH,,,76659,active_verified,Bach-Xuan/Luật An toàn thực phẩm 61_VBHN-VPQH.txt
luat55_2024,,55/2024/QH15,Luật,Quốc hội,,2025-07-01,"Luật Phòng cháy, chữa cháy và cứu nạn, cứu hộ 58_VBHN-VPQH",,,94391,active_verified,"Bach-Xuan/Luật Phòng cháy, chữa cháy và cứu nạn, cứu hộ 58_VBHN-VPQH.txt"
luat55_2026,,55/2026/QH15,Luật,Quốc hội,,2025-01-01,"55-VBHN-VPQH 2026 Luật Trật tự, an toàn giao thông đường bộ",,,177458,active_verified,"Bach-Xuan/55-VBHN-VPQH 2026 Luật Trật tự, an toàn giao thông đường bộ.txt"
luat57_2026,,57/2026/QH15,Luật,Quốc hội,,2024-07-01,"57-VBHN-VPQH 2026 Luật Lực lượng tham gia bảo vệ an ninh, trật tự ở cơ sở",,,36677,active_verified,"Bach-Xuan/57-VBHN-VPQH 2026 Luật Lực lượng tham gia bảo vệ an ninh, trật tự ở cơ sở.txt"
luat58_2026,,58/2026/QH15,Luật,Quốc hội,,2025-07-01,"58-VBHN-VPQH 2026 Luật Phòng cháy, chữa cháy và cứu nạn, cứu hộ",,,94391,active_verified,"Bach-Xuan/58-VBHN-VPQH 2026 Luật Phòng cháy, chữa cháy và cứu nạn, cứu hộ.txt"
luat60_2014,178129,60/2014/QH13,Luật,Quốc hội,20-11-2014,01-01-2016,LUẬT HỘ TỊCH,https://vanban.chinhphu.vn/?pageid=27160&docid=178129,data/private_cache/vbpq/luat60_2014.pdf,55239,active_verified,
luat61_2020,,61/2020/QH14,Luật,Quốc hội,,2021-01-01,Luật Đầu tư 134_VBHN-VPQH,,,200973,active_verified,Bach-Xuan/Luật Đầu tư 134_VBHN-VPQH.txt
luat61_2025,,61/2025/QH15,Luật,Quốc hội,,2011-07-01,61-VBHN-VPQH 2025 Luật An toàn thực phẩm,,,76659,active_verified,Bach-Xuan/61-VBHN-VPQH 2025 Luật An toàn thực phẩm.txt
luat62_2026,,62/2026/QH15,Luật,Quốc hội,,2015-01-01,"62-VBHN-VPQH 2026 Luật Nhập cảnh, xuất cảnh, quá cảnh, cư trú của người nước ngoài tại Việt Nam",,,87198,active_verified,"Bach-Xuan/62-VBHN-VPQH 2026 Luật Nhập cảnh, xuất cảnh, quá cảnh, cư trú của người nước ngoài tại Việt Nam.txt"
luat63_2026,,63/2026/QH15,Luật,Quốc hội,,2020-01-01,63-VBHN-VPQH 2026 Luật Chăn nuôi,,,100496,active_verified,Bach-Xuan/63-VBHN-VPQH 2026 Luật Chăn nuôi.txt
luat64_2025,,64/2025/QH15,Luật,Quốc hội,,2025-04-01,Luật Ban hành văn bản quy phạm pháp luật 54_VBHN-VPQH,,,118313,active_verified,Bach-Xuan/Luật Ban hành văn bản quy phạm pháp luật 54_VBHN-VPQH.txt
luat65_2006,,65/2006/QH11,Luật,Quốc hội,,2007-01-01,Luật Luật sư 03_VBHN-VPQH,,,108592,active_verified,Bach-Xuan/Luật Luật sư 03_VBHN-VPQH.txt
luat66_2026,,66/2026/QH15,Luật,Quốc hội,,2024-07-01,66-VBHN-VPQH 2026 Luật Viễn thông,,,113198,active_verified,Bach-Xuan/66-VBHN-VPQH 2026 Luật Viễn thông.txt
luat67_2026,,67/2026/QH15,Luật,Quốc hội,,2006-07-01,67-VBHN-VPQH 2026 Luật Sở hữu trí tuệ,,,371222,active_verified,Bach-Xuan/67-VBHN-VPQH 2026 Luật Sở hữu trí tuệ.txt
luat68_2020,202609,68/2020/QH14,Luật,Quốc hội,13-11-2020,01-07-2021,LUẬT CƯ TRÚ,https://vanban.chinhphu.vn/?pageid=27160&docid=202609,data/private_cache/vbpq/luat68_2020.pdf,49423,active_verified,
luat72_2020,,72/2020/QH14,Luật,Quốc hội,,2022-01-01,Luật Bảo vệ môi trường 98_VBHN-VPQH,,,361914,active_verified,Bach-Xuan/Luật Bảo vệ môi trường 98_VBHN-VPQH.txt
luat72_2026,,72/2026/QH15,Luật,Quốc hội,,2020-07-01,72-VBHN-VPQH 2026 Luật Giáo dục,,,118440,active_verified,Bach-Xuan/72-VBHN-VPQH 2026 Luật Giáo dục.txt
luat73_2021,,73/2021/QH14,Luật,Quốc hội,,2022-01-01,"Luật Phòng, chống ma túy 117_VBHN-VPQH",,,59330,active_verified,"Bach-Xuan/Luật Phòng, chống ma túy 117_VBHN-VPQH.txt"
luat74_2025,,74/2025/QH15,Luật,Quốc hội,,,Luật Việc làm,,,56667,active_verified,Bach-Xuan/Luật Việc làm 74_2025QH15.txt
luat77_2006,,77/2006/QH11,Luật,Quốc hội,,2007-07-01,"Luật Thể dục, thể thao 64_VBHN-VPQH",,,67987,active_verified,"Bach-Xuan/Luật Thể dục, thể thao 64_VBHN-VPQH.txt"
luat78_2015,,78/2015/QH13,Luật,Quốc hội,,2020-07-01,Luật Nghĩa vụ quân sự 80_VBHN-VPQH,,,57354,active_verified,Bach-Xuan/Luật Nghĩa vụ quân sự 80_VBHN-VPQH.txt
luat79_2026,,79/2026/QH15,Luật,Quốc hội,,2024-08-01,79-VBHN-VPQH 2026 Luật Nhà ở,,,344477,active_verified,Bach-Xuan/79-VBHN-VPQH 2026 Luật Nhà ở.txt
luat80_2025,,80/2025/QH15,Luật,Quốc hội,,2020-07-01,80-VBHN-VPQH 2025 Luật Nghĩa vụ quân sự,,,57354,active_verified,Bach-Xuan/80-VBHN-VPQH 2025 Luật Nghĩa vụ quân sự.txt
luat82_2026,,82/2026/QH15,Luật,Quốc hội,,2025-01-01,82-VBHN-VPQH 2026 Luật Tổ chức Tòa án nhân dân,,,134276,active_verified,Bach-Xuan/82-VBHN-VPQH 2026 Luật Tổ chức Tòa án nhân dân.txt
luat84_2015,,84/2015/QH13,Luật,Quốc hội,,2016-07-01,"Luật An toàn, vệ sinh lao động 14_VBHN-VPQH",,,135386,active_verified,"Bach-Xuan/Luật An toàn, vệ sinh lao động 14_VBHN-VPQH.txt"
luat85_2026,,85/2026/QH15,Luật,Quốc hội,,2014-05-01,"85-VBHN-VPQH 2026 Luật Phòng, chống thiên tai",,,124481,active_verified,"Bach-Xuan/85-VBHN-VPQH 2026 Luật Phòng, chống thiên tai.txt"
luat87_2025,,87/2025/QH15,Luật,Quốc hội,,2023-07-01,87-VBHN-VPQH 2025 Luật Thực hiện dân chủ ở cơ sở,,,150872,active_verified,Bach-Xuan/87-VBHN-VPQH 2025 Luật Thực hiện dân chủ ở cơ sở.txt
luat88_2025,,88/2025/QH15,Luật,Quốc hội,,2013-01-01,88-VBHN-VPQH 2025 Luật Quảng cáo,,,69498,active_verified,Bach-Xuan/88-VBHN-VPQH 2025 Luật Quảng cáo.txt
luat90_2026,,90/2026/QH15,Luật,Quốc hội,,2013-07-01,90-VBHN-VPQH 2026 Luật Xử lý vi phạm hành chính,,,248104,active_verified,Bach-Xuan/90-VBHN-VPQH 2026 Luật Xử lý vi phạm hành chính.txt
luat91_2015,,91/2015/QH13,Luật,Quốc hội,,2017-01-01,91-2015-QH13 Bộ luật Dân sự,,,368136,active_verified,Bach-Xuan/91-2015-QH13 Bộ luật Dân sự.txt
luat93_2015,,93/2015/QH13,Luật,Quốc hội,,2016-07-01,Luật Tố tụng hành chính 13_VBHN-VPQH,,,378154,active_verified,Bach-Xuan/Luật Tố tụng hành chính 13_VBHN-VPQH.txt
luat93_2026,,93/2026/QH15,Luật,Quốc hội,,2020-01-01,93-VBHN-VPQH 2026 Luật Trồng trọt,,,97641,active_verified,Bach-Xuan/93-VBHN-VPQH 2026 Luật Trồng trọt.txt
luat94_2026,,94/2026/QH15,Luật,Quốc hội,,2018-07-01,94-VBHN-VPQH 2026 Luật Thủy lợi,,,98781,active_verified,Bach-Xuan/94-VBHN-VPQH 2026 Luật Thủy lợi.txt
luat97_2025,,97/2025/QH15,Luật,Quốc hội,,2018-01-01,"97-VBHN-VPQH 2025 Luật Quản lý, sử dụng tài sản công",,,190039,active_verified,"Bach-Xuan/97-VBHN-VPQH 2025 Luật Quản lý, sử dụng tài sản công.txt"
luat98_2025,,98/2025/QH15,Luật,Quốc hội,,2018-07-01,98-VBHN-VPQH 2025 Luật Trách nhiệm bồi thường của Nhà nước,,,121485,active_verified,Bach-Xuan/98-VBHN-VPQH 2025 Luật Trách nhiệm bồi thường của Nhà nước.txt
luat98_2026,,98/2026/QH15,Luật,Quốc hội,,2022-01-01,98-VBHN-VPQH 2026 Luật Bảo vệ môi trường,,,361914,active_verified,Bach-Xuan/98-VBHN-VPQH 2026 Luật Bảo vệ môi trường.txt
nd07_2025,212416,07/2025/NĐ-CP,Nghị định,Chính phủ,09-01-2025,09-01-2025,"Sửa đổi, bổ sung một số điều của các Nghị định trong lĩnh vực hộ tịch, quốc tịch, chứng thực",https://vanban.chinhphu.vn/?pageid=27160&docid=212416,data/private_cache/vbpq/nd07_2025.pdf,52129,active_verified,
nd104_2025,213663,104/2025/NĐ-CP,Nghị định,Chính phủ,15-05-2025,01-07-2025,Quy định chi tiết một số điều và biện pháp thi hành Luật Công chứng,https://vanban.chinhphu.vn/?pageid=27160&docid=213663,data/private_cache/vbpq/nd104_2025.pdf,101843,active_verified,
nd115_2015,178129,115/2015/NĐ-CP,Nghị định,Chính phủ,2015-11-11,2016-01-01,Nghị định quy định chi tiết một số điều và biện pháp thi hành Luật Bảo hiểm xã hội về bảo hiểm xã hội bắt buộc,https://vanban.chinhphu.vn,,2476,expired,legacy stub (round19)
nd120_2025,213894,120/2025/NĐ-CP,Nghị định,Chính phủ,2025-06-11,2025-07-01,Nghị định quy định về phân định thẩm quyền của chính quyền địa phương 02 cấp trong lĩnh vực quản lý nhà nước của Bộ Tư pháp,https://congbao.chinhphu.vn/van-ban/nghi-dinh-so-120-2025-nd-cp-45062/56730.htm,,29361,active_verified,congbao.chinhphu.vn
nd123_2015,182158,123/2015/NĐ-CP,Nghị định,Chính phủ,15-11-2015,01-01-2016,Quy định chi tiết một số điều và biện pháp thi hành Luật Hộ tịch,https://vanban.chinhphu.vn/?pageid=27160&docid=182158,data/private_cache/vbpq/nd123_2015.pdf,52646,active_verified,
nd126_2014,178372,126/2014/NĐ-CP,Nghị định,Chính phủ,31-12-2014,15-02-2015,Quy định chi tiết một số điều và biện pháp thi hành Luật Hôn nhân và gia đình,https://vanban.chinhphu.vn/?pageid=27160&docid=178372,data/private_cache/vbpq/nd126_2014.pdf,74856,active_verified,
nd135_2020,201650,135/2020/NĐ-CP,Nghị định,Chính phủ,2020-11-18,2021-01-01,Nghị định quy định về tuổi nghỉ hưu,https://congbao.chinhphu.vn/van-ban/nghi-dinh-so-135-2020-nd-cp-32525.htm,,15814,active_verified,congbao.chinhphu.vn
nd145_2020,201967,145/2020/NĐ-CP,Nghị định,Chính phủ,2020-12-14,2021-02-01,Nghị định quy định chi tiết và hướng dẫn thi hành một số điều của Bộ luật Lao động về điều kiện lao động và quan hệ lao động,https://congbao.chinhphu.vn/van-ban/nghi-dinh-so-145-2020-nd-cp-32732.htm,,237917,active_verified,congbao.chinhphu.vn
nd151_2025,213927,151/2025/NĐ-CP,Nghị định,Chính phủ,2025-06-12,2025-07-01,"Nghị định quy định về phân định thẩm quyền của chính quyền địa phương 02 cấp, phân quyền, phân cấp trong lĩnh vực đất đai",https://congbao.chinhphu.vn/van-ban/nghi-dinh-so-151-2025-nd-cp-45191.htm,,427177,active_verified,congbao.chinhphu.vn
nd154_2024,211821,154/2024/NĐ-CP,Nghị định,Chính phủ,26-11-2024,10-01-2025,Quy định chi tiết một số điều và biện pháp thi hành Luật Cư trú,https://vanban.chinhphu.vn/?pageid=27160&docid=211821,data/private_cache/vbpq/nd154_2024.pdf,40298,active_verified,
nd158_2025,214189,158/2025/NĐ-CP,Nghị định,Chính phủ,2025-06-25,2025-07-01,Nghị định quy định chi tiết và hướng dẫn thi hành một số điều của Luật Bảo hiểm xã hội về bảo hiểm xã hội bắt buộc,https://congbao.chinhphu.vn/van-ban/nghi-dinh-so-158-2025-nd-cp-45240/57069.htm,,116765,active_verified,congbao.chinhphu.vn
nd159_2025,214269,159/2025/NĐ-CP,Nghị định,Chính phủ,2025-06-25,2025-07-01,Nghị định quy định chi tiết và hướng dẫn thi hành một số điều của Luật Bảo hiểm xã hội về bảo hiểm xã hội tự nguyện,https://congbao.chinhphu.vn/van-ban/nghi-dinh-so-159-2025-nd-cp-45253/57094.htm,,32355,active_verified,congbao.chinhphu.vn
nd161_2026,218107,161/2026/NĐ-CP,Nghị định,Chính phủ,2026-05-15,2026-07-01,"Nghị định quy định mức lương cơ sở và chế độ tiền thưởng đối với cán bộ, công chức, viên chức và lực lượng vũ trang",https://congbao.chinhphu.vn/van-ban/nghi-dinh-so-161-2026-nd-cp-469550.htm,,12415,active_verified,congbao.chinhphu.vn
nd168_2024,212167,168/2024/NĐ-CP,Nghị định,Chính phủ,2024-12-26,2025-01-01,"Nghị định quy định xử phạt vi phạm hành chính về trật tự, an toàn giao thông trong lĩnh vực giao thông đường bộ; trừ điểm, phục hồi điểm giấy phép lái xe",https://congbao.chinhphu.vn/van-ban/nghi-dinh-so-168-2024-nd-cp-43733/54010.htm,,254260,active_verified,congbao.chinhphu.vn
nd176_2025,214435,176/2025/NĐ-CP,Nghị định,Chính phủ,2025-06-30,2025-07-01,Nghị định quy định chi tiết và hướng dẫn thi hành một số điều của Luật Bảo hiểm xã hội về trợ cấp hưu trí xã hội,https://congbao.chinhphu.vn/van-ban/nghi-dinh-so-176-2025-nd-cp-45409/57399.htm,,15801,active_verified,congbao.chinhphu.vn
nd188_2025,214515,188/2025/NĐ-CP,Nghị định,Chính phủ,2025-07-01,2025-08-15,Nghị định quy định chi tiết và hướng dẫn thi hành một số điều của Luật Bảo hiểm y tế,https://congbao.chinhphu.vn/van-ban/nghi-dinh-so-188-2025-nd-cp-45593/57770.htm,,223795,active_verified,congbao.chinhphu.vn
nd191_2025,214527,191/2025/NĐ-CP,Nghị định,Chính phủ,2025-06-27,2025-07-01,Nghị định quy định chi tiết một số điều và biện pháp thi hành Luật Quốc tịch Việt Nam,https://congbao.chinhphu.vn/van-ban/nghi-dinh-so-191-2025-nd-cp-45602/57788.htm,,61422,active_verified,congbao.chinhphu.vn
nd20_2021,202811,20/2021/NĐ-CP,Nghị định,Chính phủ,2021-03-15,2021-07-01,Nghị định quy định chính sách trợ giúp xã hội đối với đối tượng bảo trợ xã hội,https://congbao.chinhphu.vn/van-ban/nghi-dinh-so-20-2021-nd-cp-33456/35239.htm,,93463,active_verified,congbao.chinhphu.vn
nd283_2026,218871,283/2026/NĐ-CP,Nghị định,Chính phủ,2026-07-15,2026-09-10,"Nghị định quy định xử phạt vi phạm hành chính trong lĩnh vực lao động, bảo hiểm xã hội, người lao động Việt Nam đi làm việc ở nước ngoài theo hợp đồng",https://congbao.chinhphu.vn/van-ban/nghi-dinh-so-283-2026-nd-cp-470103.htm,,214549,pending_effective,congbao.chinhphu.vn
nd293_2025,215832,293/2025/NĐ-CP,Nghị định,Chính phủ,2025-11-10,2026-01-01,Nghị định quy định mức lương tối thiểu đối với người lao động làm việc theo hợp đồng lao động,https://congbao.chinhphu.vn/van-ban/nghi-dinh-so-293-2025-nd-cp-46568.htm,,28635,active_verified,congbao.chinhphu.vn
nd351_2025,216360,351/2025/NĐ-CP,Nghị định,Chính phủ,2025-12-30,2026-02-15,Nghị định quy định chuẩn nghèo đa chiều quốc gia giai đoạn 2026 - 2030,https://congbao.chinhphu.vn/van-ban/nghi-dinh-so-351-2025-nd-cp-468331.htm,,8803,active_verified,congbao.chinhphu.vn
nd374_2025,216493,374/2025/NĐ-CP,Nghị định,Chính phủ,2025-12-01,2026-01-01,Nghị định quy định chi tiết thi hành một số điều của Luật Việc làm về bảo hiểm thất nghiệp,https://congbao.chinhphu.vn/van-ban/nghi-dinh-so-374-2025-nd-cp-468724.htm,,170498,active_verified,congbao.chinhphu.vn
nd62_2021,203460,62/2021/NĐ-CP,Nghị định,Chính phủ,29-06-2021,01-07-2021,Quy định chi tiết một số điều Luật Cư trú,https://vanban.chinhphu.vn/?pageid=27160&docid=203460,data/private_cache/vbpq/nd62_2021.pdf,29615,expired,
nd73_2024,,73/2024/NĐ-CP,Nghị định,Chính phủ,2024-06-30,2024-07-01,"Nghị định quy định mức lương cơ sở và chế độ tiền thưởng đối với cán bộ, công chức, viên chức và lực lượng vũ trang",https://vanban.chinhphu.vn,,1893,expired,legacy stub (round19)
nd74_2024,,74/2024/NĐ-CP,Nghị định,Chính phủ,2024-06-30,2024-07-01,Nghị định quy định mức lương tối thiểu đối với người lao động làm việc theo hợp đồng lao động,https://vanban.chinhphu.vn,,1940,expired,legacy stub (round19)
nd76_2024,210543,76/2024/NĐ-CP,Nghị định,Chính phủ,2024-06-30,2024-07-01,"Nghị định sửa đổi, bổ sung một số điều của Nghị định số 20/2021/NĐ-CP quy định chính sách trợ giúp xã hội đối với đối tượng bảo trợ xã hội",https://congbao.chinhphu.vn/van-ban/nghi-dinh-so-76-2024-nd-cp-42227/50778.htm,,4104,active_verified,congbao.chinhphu.vn
tt79_2024,211945,79/2024/TT-BCA,Thông tư,Bộ Công an,2024-11-15,2025-01-01,"Thông tư quy định về cấp, thu hồi chứng nhận đăng ký xe, biển số xe cơ giới, xe máy chuyên dùng",https://congbao.chinhphu.vn/van-ban/thong-tu-so-79-2024-tt-bca-43337/53043.htm,,159804,active_verified,congbao.chinhphu.vn
